University Name,Path,Region,Country,City,logo,Overall Score,Overall Rank,stars,dagger,redact,Value for Money Rank,Thought Leadership Rank,Diversity Rank,Alumni Outcomes Rank,Employability Rank,Value for Money Score,Thought Leadership Score,Diversity Score,Alumni Outcomes Score,Employability Score
HEC Paris,/universities/hec-paris-business-school/hec-paris-mba,Europe,France,Paris,https://www.topuniversities.com/sites/default/files/profiles/logos/hec-paris-mba_15094_small.jpg,100,1,,False,False,=1,1,54,=1,4,100,99.4,71.1,100,98.8
Oxford (Said),/universities/university-oxford/said-business-school,Europe,United Kingdom,Oxford,https://www.topuniversities.com/sites/default/files/profiles/logos/sad-business-school_592560cf2aeae70239af5572_small.jpg,100,2,,False,False,5,=5,39,=4,=1,99,96.2,76.1,99.9,100
London Business School,/universities/london-business-school,Europe,United Kingdom,London,https://www.topuniversities.com/sites/default/files/profiles/logos/london-business-school_592560cf2aeae70239af4be5_small.jpg,99.6,3,,False,False,=9,=5,=37,=1,3,97.1,96.2,76.2,100,99.7
MIT (Sloan),/universities/massachusetts-institute-technology-mit/mit-sloan-school-management,North America,United States,Cambridge (MA),https://www.topuniversities.com/sites/default/files/profiles/logos/mit-sloan-school-of-management_592560cf2aeae70239af56bf_small.jpg,99.1,4,,False,False,=14,3,28,=1,6,96.5,96.4,78.7,100,97.8
UC Berkeley (Haas),/universities/university-california-berkeley-ucb/haas-school-business-university-california-berkeley,North America,United States,Berkeley (CA),https://www.topuniversities.com/sites/default/files/profiles/logos/haas-school-of-business_592560cf2aeae70239af5717_small.jpg,95.1,5,,False,False,7,4,131-140,=11,7,98.1,96.3,52.2,98.2,95
Cambridge (Judge),/universities/university-cambridge/cambridge-judge-business-school,Europe,United Kingdom,Cambridge,https://www.topuniversities.com/sites/default/files/profiles/logos/judge-business-school_592560cf2aeae70239af582c_small.jpg,94.9,6,,False,False,=45,7,66,10,=1,81.6,95.4,68.7,98.8,100
ESSEC Business School,/universities/essec-business-school,Europe,France,Paris,https://www.topuniversities.com/sites/default/files/profiles/logos/essec-business-school_198_small.jpg,94.6,7,,False,False,=1,12,26,=11,15,100,92.2,80.7,98.2,85.2
London School of Economics,/universities/london-school-economics-political-science-lse,Europe,United Kingdom,London,https://www.topuniversities.com/sites/default/files/profiles/logos/london-school-of-economics-and-political-science-lse_362_small.jpg,94.5,8,,False,False,33,2,17,6,10,84.4,97.2,83.9,99.7,89.7
UCLA (Anderson),/universities/university-california-los-angeles-ucla/ucla-anderson-school-management,North America,United States,Los Angeles (CA),https://www.topuniversities.com/sites/default/files/profiles/logos/ucla-anderson-master-of-financial-engineering-mfe_592560cf2aeae70239af5716_small.jpg,93.8,9,,False,False,=14,9,111-120,=4,9,96.5,94,54.6,99.9,91.7
Bocconi University,/universities/bocconi-university/sda-bocconi-school-management,Europe,Italy,Milan,https://www.topuniversities.com/sites/default/files/profiles/logos/sda-bocconi-school-of-management_592560cf2aeae70239af555f_small.jpg,90.7,10,,False,False,16,8,65,23,14,95.1,94.6,68.9,85.4,87.7
IE Business School,/universities/ie-university/ie-business-school,Europe,Spain,Segovia,https://www.topuniversities.com/sites/default/files/profiles/logos/230302032731pm314785IE-BS-logo-200x200-48x48.jpg,89,11,,False,False,17,18,=29,22,16,94.9,85.8,78.6,86.1,84.7
Copenhagen Business School,/universities/copenhagen-business-school,Europe,Denmark,Copenhagen,https://www.topuniversities.com/sites/default/files/profiles/logos/copenhagen-business-school_710_small.jpg,87.3,12,,False,False,73,14,86,=8,13,71.3,90.1,63.5,99.1,88.9
Imperial College Business School,/universities/imperial-college-london/imperial-college-business-school,Europe,United Kingdom,London,https://www.topuniversities.com/sites/default/files/profiles/logos/imperial-college-business-school_592560cf2aeae70239af580f_small.jpg,86.9,13,,False,False,91,13,47,=24,5,65.3,91.4,73.2,82.5,98.6
ESCP Europe,/universities/escp-business-school-paris,Europe,France,Paris,https://www.topuniversities.com/sites/default/files/profiles/logos/escp-business-school-paris_592560cf2aeae70239af4b44_small.jpg,86.1,14,,False,False,=1,28,42,38,11,100,74,74.5,74.6,89.6
Toronto (Rotman),/universities/university-toronto/rotman-school-management,North America,Canada,Toronto,https://www.topuniversities.com/sites/default/files/profiles/logos/university-of-toronto_592560cf2aeae70239af55e4_small.jpg,84.4,15,,False,False,48,15,50,21,17,78.9,89.7,72.4,87.3,80.5
WU Vienna University,/universities/wu-vienna-university-economics-business,Europe,Austria,Vienna,https://www.topuniversities.com/sites/default/files/profiles/logos/wu-vienna-university-of-economics-and-business_592560cf2aeae70239af4d89_small.jpg,83.9,16,,False,False,101-110,11,=32,=24,8,58.5,93.2,76.9,82.5,91.8
EMLyon Business School,/universities/emlyon-business-school,Europe,France,Lyon,https://www.topuniversities.com/sites/default/files/profiles/logos/211005052214pm924585emlyon-logo-seul-cmjn-48x48.jpg,82.9,17,,False,False,6,24,22,19,35,98.5,77.5,81.9,88.8,66.5
Esade Business School,/universities/esade,Europe,Spain,Barcelona,https://www.topuniversities.com/sites/default/files/profiles/logos/230126101541am990261logo-esade-200x200-48x48.jpg,81.8,18,,False,False,=23,25,=63,54,12,89.5,77.2,69,65.7,89.2
Warwick Business School,/universities/university-warwick/warwick-business-school,Europe,United Kingdom,Coventry,https://www.topuniversities.com/sites/default/files/profiles/logos/warwick-business-school_592560cf2aeae70239af5573_small.jpg,80.2,19,,False,False,=88,10,11,40,=21,66.7,93.6,88.5,73.3,77.2
McGill (Desautels),/universities/mcgill-university/desautels-faculty-management-mcgill-university,North America,Canada,Montreal,https://www.topuniversities.com/sites/default/files/profiles/logos/desautels-faculty-of-management-mcgill-university_14495_small.jpg,79.3,20,,False,False,64,29,=63,14,24,73.9,72.4,69,94.2,75.9
EDHEC Business School,/universities/edhec-business-school,Europe,France,Roubaix,https://www.topuniversities.com/sites/default/files/profiles/logos/edhec-business-school_179_small.jpg,77.7,21,,False,False,13,30,53,42,30,96.7,72.2,71.3,72,70.1
University of St.Gallen,/universities/university-stgallen-hsg/university-st-gallen-mba,Europe,Switzerland,St. Gallen,https://www.topuniversities.com/sites/default/files/profiles/logos/the-st.gallen-mba-university-of-st.gallen_14578_small.png,76.8,22,,False,False,18,40,73,15,40,92.8,64.2,66.6,93.3,63.1
Peking University HSBC Business School,/universities/peking-university/peking-university-hsbc-business-school-phbs,Asia,China (Mainland),shenzhen,https://www.topuniversities.com/sites/default/files/profiles/logos/peking-university-hsbc-business-school_592560cf2aeae70239af591f_small.jpg,75.6,23,,False,False,101-110,20,77,29,19,57.7,82.3,65.8,80.9,79.1
WHU (Otto Beisheim),/universities/whu-otto-beisheim-school-management,Europe,Germany,Koblenz,https://www.topuniversities.com/sites/default/files/profiles/logos/Design-ohne-Titel-48x48.jpg,75.4,24,,False,False,=26,=44,111-120,=8,43,88.9,62,56.1,99.1,62.2
Erasmus (RSM),/universities/erasmus-university-rotterdam/rotterdam-school-management-erasmus-university,Europe,Netherlands,Rotterdam,https://www.topuniversities.com/sites/default/files/profiles/logos/210722010220pm240208Untitled-design-48x48.jpg,75.1,25,,False,False,=58,19,81,56,25,76.6,83.5,65.5,65.2,74.7
Manchester (Alliance),/universities/university-manchester/alliance-manchester-business-school,Europe,United Kingdom,Manchester,https://www.topuniversities.com/sites/default/files/profiles/logos/alliance-manchester-business-school_592560cf2aeae70239af556d_small.jpg,74.7,26,,False,False,151+,17,40,27,=21,44.9,88.5,75.1,81.9,77.2
Texas (McCombs),/universities/university-texas-austin/university-texas-austin-mccombs-school-business,North America,United States,Austin (TX),https://www.topuniversities.com/sites/default/files/profiles/logos/the-university-of-texas-at-austin-mccombs-school-of-business_592560cf2aeae70239af5707_small.jpg,73.1,27,,False,False,39,22,151+,16,54,82.8,79.4,46.6,92.3,55.4
SKEMA Business School,/universities/skema-business-school,Europe,France,Paris,https://www.topuniversities.com/sites/default/files/profiles/logos/skema-business-school_592560cf2aeae70239af4af5_small.jpg,72.9,28,,False,False,=11,38,8,63,=46,97,64.5,91.4,63.7,59.4
University of Edinburgh Business School,/universities/university-edinburgh-business-school,Europe,United Kingdom,Edinburgh,https://www.topuniversities.com/sites/default/files/profiles/logos/university-of-edinburgh-business-school_14432_small.jpg,72.5,29,,False,False,111-120,21,7,57,27,57,80.2,91.7,64.9,73.7
USC (Marshall),/universities/university-southern-california/marshall-school-business,North America,United States,Los Angeles (CA),https://www.topuniversities.com/sites/default/files/profiles/logos/marshall-school-of-business_592560cf2aeae70239af573b_small.jpg,72.3,30,,False,False,34,49,48,7,65,84.2,60,72.8,99.6,51.5
Florida (Warrington),/universities/university-florida/university-florida-warrington-college-business,North America,United States,Gainesville (FL),https://www.topuniversities.com/sites/default/files/profiles/logos/UFMBA-200x200-whitebg-48x48.jpg,67.6,31,,False,False,8,=50,151+,17,=78,97.5,59.5,36,89.5,47.7
HKUST,/universities/hong-kong-university-science-technology/hkust-business-school,Asia,Hong Kong SAR,Hong Kong SAR,https://www.topuniversities.com/sites/default/files/profiles/logos/hkust-business-school_592560cf2aeae70239af582d_small.jpg,67.3,32,,False,False,151+,16,71,83,18,37.1,88.8,67,56.2,79.5
Boston (Questrom),/universities/boston-university/questrom-school-business,North America,United States,Boston (MA),https://www.topuniversities.com/sites/default/files/profiles/logos/school-of-management-boston-university_14153_small.jpg,66.6,33,,False,False,70,=73,111-120,18,48,72.5,53.1,56.2,89.1,59.2
Trinity College Dublin,/universities/trinity-college-dublin-university-dublin/trinity-college-dublin,Europe,Ireland,Dublin,https://www.topuniversities.com/sites/default/files/profiles/logos/trinity-college-dublin_19518_small.jpg,66.3,34,,False,False,151+,33,14,43,32,40.5,70.7,86.5,71.6,69.6
UQ Business School,/universities/university-queensland,Oceania,Australia,Brisbane,https://www.topuniversities.com/sites/default/files/profiles/logos/210824044126am970441uq-logo-48x48.jpg,65.1,35,,False,False,=68,32,10,=86,=57,73.1,71.8,88.9,54.4,54.1
UCD (Smurfit),/universities/university-college-dublin/ucd-michael-smurfit-graduate-business-school,Europe,Ireland,Dublin,https://www.topuniversities.com/sites/default/files/profiles/logos/ucd-michael-smurfit-graduate-business-school_592560cf2aeae70239af558b_small.jpg,63.7,36,,False,False,121-130,34,97,=70,33,54,70.2,60.2,60.6,69
Georgetown (McDonough),/universities/georgetown-university/mcdonough-school-business,North America,United States,"Washington, D.C",https://www.topuniversities.com/sites/default/files/profiles/logos/mcdonough-school-of-business_592560cf2aeae70239af55ae_small.jpg,63.5,37,,False,False,=23,101-110,151+,13,88,89.5,46.6,36.7,95.8,44.9
Nova School of Business,/universities/nova-school-business-economics,Europe,Portugal,Lisbon,https://www.topuniversities.com/sites/default/files/nova-school-of-business-and-economics_592560cf2aeae70239af599b_medium_2.jpg,63,38,,False,False,=68,26,91,151+,31,73.1,76.8,62.4,29.6,69.8
"Macquarie Business School, Macquarie University",/universities/macquarie-university/macquarie-business-school-sydney-australia,Oceania,Australia,Sydney,https://www.topuniversities.com/sites/default/files/profiles/logos/macquarie-graduate-school-of-management_592560cf2aeae70239af56b9_small.jpg,62.8,39,,False,False,=9,=99,131-140,=61,=57,97.1,47.5,50.2,63.8,54.1
Vlerick Business School,/universities/vlerick-business-school,Europe,Belgium,Gent,https://www.topuniversities.com/sites/default/files/profiles/logos/vlerick-business-school_592560cf2aeae70239af4d14_small.jpg,62.3,40,,False,False,=37,=73,131-140,=86,39,83,53.1,52.2,54.4,63.7
CUHK Business School,/universities/chinese-university-hong-kong-cuhk,Asia,Hong Kong SAR,Hong Kong,https://www.topuniversities.com/sites/default/files/profiles/logos/230719090304am589775CUHK-acronym-logo-thumb-200x200%2520%25281%2529_0.jpg,62,41,,False,False,151+,31,88,91,20,36.4,72,63.3,53.5,78.3
BI Norwegian Business School,/universities/bi-norwegian-business-school,Europe,Norway,Oslo,https://www.topuniversities.com/sites/default/files/profiles/logos/bi-norwegian-business-school_592560cf2aeae70239af4abb_small.jpg,61.7,42,,False,False,96,43,131-140,90,34,64.2,62.3,51.1,53.9,68.9
EGADE Business School,/universities/tecnologico-de-monterrey/egade-business-school,Latin America,Mexico,Monterrey,https://www.topuniversities.com/sites/default/files/profiles/logos/egade-business-school_592560cf2aeae70239af558c_small.jpg,61.6,43,,False,False,90,=77,151+,76,23,65.6,52.1,32.7,59.7,76.9
City University of Hong Kong,/universities/city-university-hong-kong,Asia,Hong Kong SAR,Hong Kong,https://www.topuniversities.com/sites/default/files/profiles/logos/city-university-of-hong-kong_592560cf2aeae70239af4b05_small.jpg,61.5,44,,False,False,121-130,36,84,111-120,28,52.9,67.1,64.3,46.2,73.4
Maryland (Smith),/universities/university-maryland-college-park/university-maryland-robert-h-smith-school-business,North America,United States,College Park (MD),https://www.topuniversities.com/sites/default/files/profiles/logos/robert-h.-smith-school-of-business_14553_small.jpg,60.8,45,,False,False,=41,70,111-120,20,131-140,82.6,54.2,56.7,87.5,35.1
Georgia Tech (Scheller),/universities/georgia-institute-technology/georgia-tech-scheller-college-business,North America,United States,Atlanta (GA),https://www.topuniversities.com/sites/default/files/profiles/logos/220609032240pm158005Web-GT-GoldNavy-48x48.jpg,60.4,46,,False,False,22,95,151+,65,59,90.6,48.5,43.2,63.2,53.2
EBS Business School,/universities/ebs-business-school,Europe,Germany,Oestrich-Winkel,https://www.topuniversities.com/sites/default/files/profiles/logos/ebs-business-school_203_small.jpg,60.3,47,,False,False,25,131-140,141-150,41,64,89.1,39.4,48,73.2,51.6
Frankfurt School of Finance & Management,/universities/frankfurt-school-finance-management,Europe,Germany,Frankfurt am Main,https://www.topuniversities.com/sites/default/files/profiles/logos/frankfurt-school-of-finance-management_592560cf2aeae70239af5775_small.jpg,60.1,48,,False,False,=41,=82,121-130,151+,26,82.6,51.2,52.6,31,73.9
Texas A&M (Mays),/universities/texas-am-university/mays-business-school,North America,United States,College Station (TX),https://www.topuniversities.com/sites/default/files/profiles/logos/mays-business-school_592560cf2aeae70239af56ff_small.jpg,59.1,49,,False,False,29,64,151+,=70,74,87.6,55.7,40.7,60.6,49
Lund University,/universities/lund-university/lund-university-school-economics-management,Europe,Sweden,Lund,https://www.topuniversities.com/sites/default/files/profiles/logos/school-of-economics-and-management_59b5a193ca24f3142470b15c_small.jpg,58.4,50,,False,False,=49,47,99,94,76,78.6,61.1,59.2,53.1,48.1
Solvay (Brussels),/universities/universite-libre-de-bruxelles/solvay-brussels-school-economics-management-ulb,Europe,Belgium,Brussels,https://www.topuniversities.com/sites/default/files/profiles/logos/210825101055am68524120150118-SBSEM-OfficialLogoSquare-1700x1700-min-48x48.jpg,58.4,51,,False,False,=43,121-130,151+,101-110,38,81.9,41.3,46.4,51.2,64.7
Cranfield School of Management,/universities/cranfield-university/cranfield-school-management,Europe,United Kingdom,Bedford,https://www.topuniversities.com/sites/default/files/profiles/logos/SOM-logo-200x200-1-48x48.jpg,58.2,52,,False,False,151+,69,56,52,41,43.2,54.3,70.4,66.4,62.8
Audencia Business School,/universities/audencia-business-school,Europe,France,Nantes,https://www.topuniversities.com/sites/default/files/profiles/logos/audencia-business-school_592560cf2aeae70239af4db3_small.jpg,58.1,53,,False,False,84,=93,101-110,48,63,67.9,48.6,57.9,69.3,52.2
Universidad Complutense de Madrid (UCM),/universities/complutense-university-madrid,Europe,Spain,Madrid,https://www.topuniversities.com/sites/default/files/profiles/logos/complutense-university-of-madrid_592560cf2aeae70239af4bff_small.jpg,58.1,54,,False,False,101-110,84,6,77,=61,57.5,50.5,94.7,59.1,52.3
Antwerp Management School,/universities/antwerp-management-school,Europe,Belgium,Antwerp,https://www.topuniversities.com/sites/default/files/profiles/logos/antwerp-management-school_592560cf2aeae70239af5389_small.jpg,57.7,55,,False,False,=55,68,111-120,96,=61,77.5,54.9,56.5,52.3,52.3
Wisconsin School of Business,/universities/university-wisconsin-madison/wisconsin-school-business,North America,United States,Madison (WI),https://www.topuniversities.com/sites/default/files/profiles/logos/wisconsin-school-of-business_592560cf2aeae70239af5746_small.jpg,57.5,56,,False,False,40,=82,151+,28,121-130,82.7,51.2,39.2,81.4,36.9
Washington (Olin),/universities/washington-university-st-louis/olin-business-school,North America,United States,St Louis (MO),https://www.topuniversities.com/sites/default/files/profiles/logos/olin-business-school_592560cf2aeae70239af5861_small.jpg,57.2,57,,False,False,28,111-120,131-140,30,131-140,88.6,43.2,50.2,78.2,35.9
Illinois (Gies),/universities/university-illinois-urbana-champaign/gies-college-business-university-illinois-urbana-champaign,North America,United States,Champaign (IL),https://www.topuniversities.com/sites/default/files/profiles/logos/220929014519pm509893Icon-O-48x48.jpg,56.9,58,,False,False,121-130,63,=78,36,=85,54.5,56,65.7,75.1,46
Purdue (Krannert),/universities/purdue-university/mitchell-e-daniels-jr-school-business,North America,United States,West Lafayette (IN),https://www.topuniversities.com/sites/default/files/profiles/logos/230302034640pm801029Purd-Uni-logo-48x48.jpg,56.7,59,,False,False,72,=65,151+,51,=72,71.4,55.1,39,67.6,49.1
Minnesota (Carlson),/universities/university-minnesota-twin-cities/carlson-school-management,North America,United States,Minneapolis (MN),https://www.topuniversities.com/sites/default/files/profiles/logos/carlson-school-of-management_592560cf2aeae70239af57d1_small.jpg,56.6,60,,False,False,87,52,151+,32,100,66.9,59.4,41.2,76.7,41.8
Ohio State (Fisher),/universities/ohio-state-university/max-m-fisher-college-business,North America,United States,Columbus (OH),https://www.topuniversities.com/sites/default/files/profiles/logos/the-ohio-state-university_592560cf2aeae70239af55a7_small.jpg,56.2,61,,False,False,65,72,151+,45,99,73.8,53.7,45.8,70.8,42.1
IESEG School of Management,/universities/ieseg-school-management-lille-paris-france,Europe,France,Paris,https://www.topuniversities.com/sites/default/files/profiles/logos/iseg-school-of-management-lille-paris-france_2447_small.jpg,56.1,62,,False,False,=76,=91,4,33,151+,70.8,48.7,95.9,76.6,26.6
Arizona (Eller),/universities/university-arizona/eller-college-management-university-arizona,North America,United States,Tucson (AZ),https://www.topuniversities.com/sites/default/files/profiles/logos/eller-college-of-management-university-of-arizona-_592560cf2aeae70239af5712_small.jpg,56,63,,False,False,=43,111-120,151+,31,111-120,81.9,44.9,43.6,77.6,38.3
Grenoble Ecole de Management,/universities/grenoble-ecole-de-management/grenoble-ecole-de-management,Europe,France,Grenoble,https://www.topuniversities.com/sites/default/files/profiles/logos/grenoble-ecole-de-management-grenoble-gsb_592560cf2aeae70239af5883_small.jpg,55.9,64,,False,False,60,=65,=29,111-120,91,76.3,55.1,78.6,45.9,44.4
Lancaster University Management School,/universities/lancaster-university/lancaster-university-management-school,Europe,United Kingdom,Lancaster,https://www.topuniversities.com/sites/default/files/profiles/logos/lancaster-university-management-school_5190_small.jpg,55.8,65,,False,False,101-110,35,52,97,89,57.8,69.4,71.8,52,44.8
Durham University Business School,/universities/durham-university-business-school,Europe,United Kingdom,Durham,https://www.topuniversities.com/sites/default/files/profiles/logos/durham-university-business-school-_592560cf2aeae70239af595f_small.jpg,55.2,66,,False,False,151+,55,24,111-120,44,39.6,58.7,81.1,47.9,62.1
SGH Warsaw School of Economics,/universities/sgh-warsaw-school-economics,Europe,Poland,Warsaw,https://www.topuniversities.com/sites/default/files/profiles/logos/220425010507pm495709SGHlogoRGB-02-48x48.jpg,55,67,,False,False,141-150,46,=45,111-120,52,45.9,61.3,73.3,48.8,57.7
Miami (Herbert),/universities/university-miami/university-miami-patti-allan-herbert-business-school-miami-herbert,North America,United States,Miami (FL),https://www.topuniversities.com/sites/default/files/profiles/logos/221020025050pm660646MHBS-QS-logo-sq-48x48.jpg,54.3,68,,False,False,47,141-150,44,46,131-140,80.8,36.2,73.8,70.7,34.4
Colorado Boulder (Leeds),/universities/university-colorado-boulder/university-colorado-boulder-leeds-school-business,North America,United States,Boulder (CO),https://www.topuniversities.com/sites/default/files/profiles/logos/leeds-school-of-business-university-of-colorado_592560cf2aeae70239af571b_small.jpg,54,69,,False,False,=58,131-140,151+,26,111-120,76.6,40.1,33.8,82.4,39.1
Politecnico di Milano,/universities/polimi-graduate-school-management,Europe,Italy,Milano,https://www.topuniversities.com/sites/default/files/profiles/logos/220518034753pm4921441651566898417-48x48.jpg,53.9,70,,False,False,111-120,=91,151+,131-140,29,55.9,48.7,47.4,38.1,71.8
University of Technology Sydney Business School,/universities/university-technology-sydney/uts-business-school,Oceania,Australia,Sydney,https://www.topuniversities.com/sites/default/files/profiles/logos/university-of-technology-sydney_592560cf2aeae70239af58ee_small.jpg,53.9,71,,False,False,98,90,=32,111-120,69,62.5,48.8,76.9,48.5,50.4
Vanderbilt (Owen),/universities/vanderbilt-university/owen-graduate-school-management,North America,United States,Nashville (TN),https://www.topuniversities.com/sites/default/files/profiles/logos/vanderbilt-university_14592_small.jpg,53.1,72,,False,False,31,111-120,151+,49,121-130,85.1,42.4,36.2,69.2,37.2
George Washington,/universities/george-washington-university/george-washington-university-school-business,North America,United States,"Washington, D.C",https://www.topuniversities.com/sites/default/files/profiles/logos/george-washington-university-school-of-business_14479_small.png,53,73,,False,False,111-120,101-110,=75,35,111-120,56.4,47,66.3,75.8,38.3
"Sydney Business School, University of Wollongong",/universities/university-wollongong/sydney-business-school-university-wollongong,Oceania,Australia,"Wollongong, Dubai",https://www.topuniversities.com/sites/default/files/profiles/logos/sydney-business-school_592560cf2aeae70239af57aa_small.jpg,52.8,74,,False,False,19,131-140,31,121-130,131-140,92.6,41.1,78.4,45.8,33.7
Babson College (Olin),/universities/babson-college-fw-olin-graduate-school-business,North America,United States,Wellesley (MA),https://www.topuniversities.com/sites/default/files/profiles/logos/220404025748pm977408BabsonWordmark-S-green-jpg-logo-48x48.jpg,52.7,75,,False,False,=62,131-140,151+,37,111-120,74,40.1,43.7,74.8,38.5
American (Kogod),/universities/american-university/kogod-school-business,North America,United States,"Washington, D.C",https://www.topuniversities.com/sites/default/files/profiles/logos/kogod-school-of-business_592560cf2aeae70239af56c5_small.jpg,52.1,76,,False,False,=51,151+,151+,60,=92,78.5,35.5,43.6,64.2,44.2
Bath School of Management,/universities/university-bath/university-bath-school-management,Europe,United Kingdom,Bath,https://www.topuniversities.com/sites/default/files/profiles/logos/university-of-bath-school-of-management_592560cf2aeae70239af55b4_small.jpg,52,77,,False,False,151+,=58,9,=72,67,25.6,57.6,90.9,60.5,51
Birmingham Business School,/universities/university-birmingham/birmingham-business-school,Europe,United Kingdom,Birmingham,https://www.topuniversities.com/sites/default/files/profiles/logos/birmingham-business-school_592560cf2aeae70239af55b3_small.jpg,52,78,,False,False,151+,=50,=34,88,77,41.1,59.5,76.8,54.3,48
Florida International ,/universities/florida-international-university/chapman-graduate-school-business-fiu,North America,United States,Miami (FL),https://www.topuniversities.com/sites/default/files/profiles/logos/chapman-graduate-school-of-business-fiu_592560cf2aeae70239af5568_small.jpg,52,79,,False,False,61,101-110,121-130,101-110,90,74.3,47.3,53.8,50.1,44.7
Shanghai Advanced Institute of Finance at SJTU,/universities/shanghai-jiao-tong-university/antai-college-economics-management,Asia,China (Mainland),"Shanghai, Shenzhen, Singapore",https://www.topuniversities.com/sites/default/files/profiles/logos/antai-college-of-economics-management_592560cf2aeae70239af58a3_small.jpg,52,80,,False,False,151+,60,101-110,82,49,34.5,57,58.2,56.7,58.8
KEDGE Business School,/universities/kedge-business-school,Europe,France,Paris,https://www.topuniversities.com/sites/default/files/profiles/logos/kedge-business-school_592560e19988f300e2320ed3_small.jpg,51.8,81,,False,False,131-140,121-130,25,93,60,49.8,42,81,53.3,52.7
Arizona State (Carey),/universities/arizona-state-university/w-p-carey-school-business,North America,United States,Tempe (AZ),https://www.topuniversities.com/sites/default/files/profiles/logos/w.-p.-carey-school-of-business_592560cf2aeae70239af56c6_small.jpg,51.7,82,,False,False,=94,79,151+,50,111-120,65,52,42.3,68,38.6
Bayes Business School,/universities/city-university-london/bayes-business-school,Europe,United Kingdom,London,https://www.topuniversities.com/sites/default/files/profiles/logos/210901094104am941328BayesBusinessSchool-FullLogo-RGB-48x48.jpg,51.7,83,,False,False,151+,37,=37,39,121-130,31.3,65.9,76.2,73.5,36.8
Suliman S. Olayan School of Business at AUB,/universities/american-university-beirut-aub/suliman-s-olayan-school-business,Asia,Lebanon,Beirut,https://www.topuniversities.com/sites/default/files/AUB_logo_2.jpg,51,84,,False,False,151+,=88,131-140,89,=46,43.4,49.4,50.1,54,59.4
Koç University Graduate School of Business,/universities/koc-university/koc-university-graduate-school-business,Asia,Türkiye,Istanbul,https://www.topuniversities.com/sites/default/files/ko-university_592560cf2aeae70239af56ec_small.jpg,51,85,,False,False,151+,=44,89,151+,36,38.9,62,63.1,29.7,66
NEOMA Business School,/universities/neoma-business-school-france,Europe,France,Reims,https://www.topuniversities.com/sites/default/files/profiles/logos/neoma-business-school-france_592560cf2aeae70239af4fae_small.jpg,50.7,86,,False,False,=35,141-150,15,151+,96,83.7,38.4,85.1,30.5,43.1
Boston College (Carroll),/universities/boston-college/carroll-school-management,North America,United States,Boston (MA),https://www.topuniversities.com/sites/default/files/profiles/logos/the-carroll-school-of-management-boston-college_15170_small.jpg,50.5,87,,False,False,101-110,101-110,141-150,44,111-120,57.7,47,48.6,71.3,38.7
Exeter Business School,/universities/university-exeter/university-exeter-business-school,Europe,United Kingdom,Exeter,https://www.topuniversities.com/sites/default/files/221117102054am246521University-of-Exeter-Simplified-Logo-Portrait-positive-200-x-200-200x200%20%281%29.jpg,50.5,88,,False,False,=94,111-120,82,101-110,94,65,45.6,64.6,50.5,43.6
Nottingham University Business School,/universities/university-nottingham/nottingham-university-business-school,Europe,United Kingdom,Nottingham,https://www.topuniversities.com/sites/default/files/profiles/logos/the-university-of-nottingham-business-school_5171_small.jpg,50.3,89,,False,False,151+,54,20,67,=85,26.7,58.8,82.1,62.7,46
Case Western (Weatherhead),/universities/case-western-reserve-university/weatherhead-school-management,North America,United States,Cleveland (OH),https://www.topuniversities.com/sites/default/files/profiles/logos/weatherhead-school-of-management_592560cf2aeae70239af557e_small.jpg,50.2,90,,False,False,53,141-150,111-120,=58,141-150,78.4,37.8,57,64.7,32
UT Dallas (Naveen),/universities/university-texas-dallas/naveen-jindal-school-management,North America,United States,Dallas (TX),https://www.topuniversities.com/sites/default/files/profiles/logos/the-university-of-texas-at-dallas-naveen-jindal-school-of-management_592560cf2aeae70239af58c1_small.jpg,50.2,91,,False,False,20,85,121-130,141-150,131-140,92.1,50.4,52.7,35.3,35.7
Glasgow (Adam Smith),/universities/university-glasgow/university-glasgow-adam-smith-business-school,Europe,United Kingdom,Glasgow,https://www.topuniversities.com/sites/default/files/profiles/logos/adam-smith-business-school_592560cf2aeae70239af571f_small.jpg,49.9,92,,False,False,151+,41,=34,84,80,27.1,63.6,76.8,55.4,47.5
Rochester (Simon),/universities/university-rochester/simon-business-school-university-rochester,North America,United States,Rochester (NY),https://www.topuniversities.com/sites/default/files/profiles/logos/221114024305pm8820692022-Logo-Sponsor-Formal-48x48.jpg,49.9,93,,False,False,92,121-130,98,=72,101-110,65.2,41.2,59.7,60.5,39.7
SMU (Cox),/universities/southern-methodist-university/smu-cox-school-business,North America,United States,Dallas (TX),https://www.topuniversities.com/sites/default/files/profiles/logos/cox-school-of-business-southern-methodist-university_14509_small.jpg,49.8,94,,False,False,=37,131-140,151+,47,151+,83,39.4,37.2,70.5,29.5
HEC Montréal,/universities/hec-montreal,North America,Canada,Montreal (QC),https://www.topuniversities.com/sites/default/files/HEC_Montreal_logo.jpg,49.5,95,,False,False,=88,71,87,131-140,101-110,66.7,53.8,63.4,40.1,41.1
Higher School of Economics,/universities/hse-university/higher-school-economics,Europe,Russia,Moscow,https://www.topuniversities.com/sites/default/files/profiles/logos/management_59b53064acb29513cb206c52_small.jpg,49.5,96,,False,True,131-140,=58,151+,100,84,52.3,57.6,46.2,51.4,46.5
CENTRUM Catolica Business School,/universities/centrum-catolica,Latin America,Peru,Lima,https://www.topuniversities.com/sites/default/files/profiles/logos/centrum-catolica_592560cf2aeae70239af5872_small.jpg,49.4,97,,False,False,141-150,=65,141-150,151+,37,45.6,55.1,47.6,30.8,65.4
Thammasat Business School,/universities/thammasat-university/thammasat-business-school,Asia,Thailand,Bangkok,https://www.topuniversities.com/sites/default/files/profiles/logos/thammasat-business-school_5f18352610ca607e852e7395_small.jpg,49,98,,False,False,151+,42,92,=72,83,27.7,62.6,62.1,60.5,46.7
Henley Business School,/universities/university-reading/henley-business-school-university-reading,Europe,United Kingdom,Reading,https://www.topuniversities.com/sites/default/files/profiles/logos/henley-business-school-university-of-reading_14568_small.jpg,48.8,99,,False,False,131-140,81,16,99,111-120,49.1,51.4,84.1,51.5,38
Sheffield University Management School,/universities/university-sheffield/university-sheffield-management-school,Europe,United Kingdom,Sheffield,https://www.topuniversities.com/sites/default/files/profiles/logos/the-university-of-sheffield-management-school_14520_small.jpg,48.6,100,,False,False,141-150,76,51,79,111-120,45.3,52.2,72.1,58.7,38.5
Alberta School of Business,/universities/university-alberta/alberta-school-business,North America,Canada,Edmonton (AB),https://www.topuniversities.com/sites/default/files/profiles/logos/university-of-alberta_592560cf2aeae70239af5711_small.jpg,47.4,101,,False,False,141-150,57,101-110,101-110,101-110,45.5,58.3,57.3,50.1,41.4
Católica Lisbon School of Business and Economics,/universities/universidade-catolica-portuguesa-ucp/catolica-lisbon-school-business-economics,Europe,Portugal,Lisbon,https://www.topuniversities.com/sites/default/files/catlica-lisbon-school-of-business-and-economics_59b44f80acb29513ca379ec8_small.jpg,48.2,102,,False,False,111-120,61,69,151+,=81,57.1,56.9,67.2,30.6,46.8
DCU Business School,/universities/dublin-city-university/dcu-business-school-dublin-city-university-dcu,Europe,Ireland,Dublin,https://www.topuniversities.com/sites/default/files/profiles/logos/dcu-business-school-dublin-city-university-dcu_59b4587aca24f31425685e82_small.jpg,46.4,103,,False,False,131-140,=99,96,151+,56,50.5,47.5,60.3,30.6,54.3
EAE Business School,/universities/eae-business-school,Europe,Spain,Barcelona,https://www.topuniversities.com/sites/default/files/profiles/logos/eae-business-school_592560cf2aeae70239af4b30_small.jpg,48,104,,False,False,21,151+,27,151+,87,91,23.5,79.5,25.5,45.1
Excelia Business School,/universities/excelia,Europe,France,La Rochelle,https://www.topuniversities.com/sites/default/files/profiles/logos/220422104458am748447Logo-Excelia-Business-School-Couleur-RVB-JPG-48x48.jpg,46.4,105,,False,False,=26,151+,5,131-140,151+,88.9,32,95.1,37.4,22.7
Fordham (Gabelli),/universities/fordham-university/gabelli-school-business,North America,United States,New York (NY),https://www.topuniversities.com/sites/default/files/profiles/logos/gabelli-school-of-business_592560cf2aeae70239af56b6_small.jpg,47.3,106,,False,False,101-110,141-150,=57,64,141-150,60.1,36.6,70.3,63.6,32.5
ICN Business School,/universities/icn-business-school,Europe,France,Paris,https://www.topuniversities.com/sites/default/files/profiles/logos/230517085820am925464Logo-petit-48x48.jpg,47.8,107,,False,False,=11,151+,2,151+,151+,97,31.4,98.3,32,24.6
LUISS University,/universities/luiss-business-school,Europe,Italy,Rome,https://www.topuniversities.com/sites/default/files/profiles/logos/luiss-business-school_592560cf2aeae70239af5785_small.jpg,48,108,,False,False,101-110,101-110,151+,131-140,53,58.5,46.5,37.9,38.4,56.6
Loughborough School of Business and Economics,/universities/loughborough-university/loughborough-business-school,Europe,United Kingdom,Loughborough,https://www.topuniversities.com/sites/default/files/profiles/logos/231020011639pm502336Business-School-social-icon-final-4-2023%255B4%255D-48x48.jpg,47.3,109,,False,False,121-130,101-110,100,121-130,=78,53.4,47,58.8,42.6,47.7
Queen Mary University of London (QMUL),/universities/queen-mary-university-london,Europe,United Kingdom,London,https://www.topuniversities.com/sites/default/files/profiles/logos/queen-mary-university-of-london_592560cf2aeae70239af4bea_small.jpg,46.4,110,,False,False,151+,53,61,101-110,131-140,44.8,59.3,69.3,49.6,34.5
Rensselaer Polytechnic (Lally),/universities/rensselaer-polytechnic-institute/lally-school-management,North America,United States,Troy (NY),https://www.topuniversities.com/sites/default/files/profiles/logos/lally-school-of-management_592560cf2aeae70239af57a7_small.jpg,46.7,111,,False,False,32,151+,101-110,85,151+,84.6,33.7,58.6,54.6,26.2
Aston Business School,/universities/aston-university/aston-business-school,Europe,United Kingdom,Birmingham,https://www.topuniversities.com/sites/default/files/profiles/logos/aston-business-school_592560cf2aeae70239af558d_small.jpg,45.9,112,,False,False,121-130,121-130,19,121-130,111-120,54.5,42.1,83.6,42.4,38.3
Colorado State,/universities/colorado-state-university/colorado-state-university-college-business,North America,United States,Fort Collins (CO),https://www.topuniversities.com/sites/default/files/profiles/logos/colorado-state-university-college-of-business_592560cf2aeae70239af56cf_small.jpg,45.7,113,,False,False,79,151+,151+,95,101-110,70.7,32.4,44.3,52.8,39.2
EADA Business School,/universities/eada-business-school-barcelona,Europe,Spain,Barcelona,https://www.topuniversities.com/sites/default/files/profiles/logos/eada-business-school-barcelona_721_small.jpg,45.6,114,,False,False,30,151+,80,151+,97,85.7,32,65.6,22.3,42.6
Georgia State (Robinson),/universities/georgia-state-university/j-mack-robinson-college-business,North America,United States,Atlanta (GA),https://www.topuniversities.com/sites/default/files/profiles/logos/j.-mack-robinson-college-of-business_14481_small.jpg,45.8,115,,False,False,54,111-120,151+,121-130,141-150,77.6,44.9,43.1,45.8,31.9
Manitoba (Asper),/universities/university-manitoba/asper-school-business,North America,Canada,Winnipeg,https://www.topuniversities.com/sites/default/files/profiles/logos/asper-school-of-business_5b646ea59ed4194e0c650091_small.jpg,45,116,,False,False,57,151+,131-140,55,151+,77.1,31.6,50.8,65.3,23.2
Newcastle University Business School,/universities/newcastle-university/newcastle-university-business-school,Europe,United Kingdom,Newcastle,https://www.topuniversities.com/sites/default/files/profiles/logos/211110110522am602642QS-profile-logo-48x48.jpg,45,117,,False,False,151+,101-110,36,131-140,=81,41.1,46.9,76.5,37.6,46.8
"School of Economics and Management, University of Porto (FEP)",/universities/university-porto/school-economics-management-university-porto-fep,Europe,Portugal,Porto,https://www.topuniversities.com/sites/default/files/231030033140pm282066FEP-logo-200-200-90x90_0.jpg,45.6,118,,False,False,151+,39,121-130,151+,55,30.6,64.4,52.8,33.5,54.4
Strathclyde Business School,/universities/university-strathclyde/strathclyde-business-school,Europe,United Kingdom,Glasgow,https://www.topuniversities.com/sites/default/files/profiles/logos/graduate-school-of-business-university-of-strathclyde_9015_small.jpg,45.5,119,,False,False,121-130,101-110,55,111-120,121-130,52.8,45.7,70.8,47.5,36.5
Syracuse (Whitman),/universities/syracuse-university/martin-j-whitman-school-management,North America,United States,Syracuse (NY),https://www.topuniversities.com/sites/default/files/profiles/logos/martin-j.-whitman-school-of-management_592560cf2aeae70239af55a8_small.jpg,45.6,120,,False,False,101-110,151+,151+,53,131-140,60.7,35.5,41.9,66.1,35.5
The Hong Kong Polytechnic University,/universities/hong-kong-polytechnic-university,Asia,Hong Kong SAR,Hong Kong,https://www.topuniversities.com/sites/default/files/profiles/logos/the-hong-kong-polytechnic-university_267_small.jpg,46.3,121,,False,False,131-140,=73,=75,151+,66,50.4,53.1,66.3,26,51.3
AUC (Cairo) School of Business,/universities/american-university-cairo,Africa,Egypt,Cairo,https://www.topuniversities.com/sites/default/files/profiles/logos/the-american-university-in-cairo_36_small.jpg,44.5,122,,False,False,151+,80,131-140,131-140,42,20,51.6,50,40.8,62.6
Athens University of Economics and Business,/universities/athens-university-economics-business,Europe,Greece,Athens,https://www.topuniversities.com/sites/default/files/profiles/logos/220228075444am741134AUEBLogo-48x48.jpg,44.3,123,,False,False,151+,48,151+,151+,45,32.7,60.6,42,26.2,59.9
Connecticut (UCONN),/universities/university-connecticut/uconn-school-business,North America,United States,Mansfield (CT),https://www.topuniversities.com/sites/default/files/profiles/logos/school-of-business-university-of-connecticut_14545_small.jpg,44.4,124,,False,False,=45,151+,121-130,111-120,151+,81.6,35.7,53.3,48.4,25.7
Oregon (Lundquist),/universities/university-oregon/university-oregon-lundquist-college-business,North America,United States,Eugene (OR),https://www.topuniversities.com/sites/default/files/profiles/logos/230807045220pm798991LCB-IF-STK-107-WHT-GRN-200x200-48x48.jpg,43.8,125,,False,False,81,151+,151+,111-120,101-110,69.9,32.1,37.9,48.7,39.2
RMIT University School of Business and Law,/universities/rmit-university,Oceania,Australia,Melbourne,https://www.topuniversities.com/sites/default/files/profiles/logos/rmit-university_592560cf2aeae70239af4c95_small.jpg,43.7,126,,False,False,151+,141-150,41,66,141-150,43.4,37.9,75,62.9,30.8
The University of Texas at Arlington,/universities/university-texas-arlington,North America,United States,Arlington (TX),https://www.topuniversities.com/sites/default/files/profiles/logos/QS_UTA-Logo-48x48.jpg,43.8,127,,False,False,=49,121-130,68,131-140,151+,78.6,41.4,67.4,40.1,23.2
University of Bristol,/universities/university-bristol/school-accounting-finance,Europe,United Kingdom,Bristol,https://www.topuniversities.com/sites/default/files/profiles/logos/220922091736am521921download-48x48.jpg,44.7,128,,False,False,131-140,101-110,13,151+,101-110,51.6,46.8,86.6,29.2,41.2
University of Illinois at Chicago (UIC),/universities/university-illinois-chicago-liautaud,North America,United States,Chicago (IL),https://www.topuniversities.com/sites/default/files/profiles/logos/university-of-illinois-at-chicago_592560cf2aeae70239af58f1_small.jpg,44.3,129,,False,False,141-150,111-120,151+,34,141-150,45.2,42.8,43.4,76.1,29.7
University of San Diego,/universities/university-san-diego/knauss-school-business-university-san-diego,North America,United States,San Diego (CA),https://www.topuniversities.com/sites/default/files/profiles/logos/230126074701pm579209200X200-logo-48x48.jpg,43.7,130,,False,False,=76,151+,121-130,80,151+,70.8,31.9,52.4,57,28.1
Utah (Eccles),/universities/university-utah/david-eccles-school-business,North America,United States,Salt Lake City (UT),https://www.topuniversities.com/sites/default/files/profiles/logos/david-eccles-school-of-business_592560e19988f300e2320f8d_small.jpg,43.7,131,,False,False,=55,141-150,151+,78,151+,77.5,38.6,31,58.9,24.9
Waseda Business School,/universities/waseda-university/waseda-business-school,Asia,Japan,Tokyo,https://www.topuniversities.com/sites/default/files/profiles/logos/211102091355am408944logo-48x48.jpg,44.5,132,,False,False,151+,101-110,151+,75,75,28.8,46.3,45.7,60,48.9
Chulalongkorn Business School,/universities/chulalongkorn-university/chulalongkorn-business-school,Asia,Thailand,Bangkok,https://www.topuniversities.com/sites/default/files/profiles/logos/220923123838pm456957download--1--48x48.jpg,42.2,133,,False,False,151+,97,151+,101-110,70,24.1,48,44.4,51.3,50.3
ESIC Business & Marketing School,/universities/esic,Europe,Spain,Barcelona,https://www.topuniversities.com/sites/default/files/profiles/logos/Logo-ESIC-200x200-1-48x48.jpg,42.5,134,,False,False,67,151+,111-120,151+,95,73.2,26.6,55.4,30.1,43.4
McMaster (DeGroote),/universities/mcmaster-university/mcmaster-university-degroote-school-business,North America,Canada,Hamilton,https://www.topuniversities.com/sites/default/files/profiles/logos/230706064636pm384267QS-DeGroote-MBA-Logo-48x48.jpg,43.2,135,,False,False,151+,111-120,101-110,101-110,98,38.8,45.6,57.3,49.1,42.3
Sabanci University,/universities/sabanci-university,Asia,Türkiye,Istanbul,https://www.topuniversities.com/sites/default/files/profiles/logos/sabanci-university_542_small.jpg,43.6,136,,False,False,151+,62,151+,151+,50,32.6,56.3,41.6,30.1,58.7
The University of Sussex Business School,/universities/university-sussex/university-sussex-business-school,Europe,United Kingdom,Brighton,https://www.topuniversities.com/sites/default/files/profiles/logos/university-of-sussex-business-school_5e345b3e5c52f369cb6078d3_small.jpg,43.6,137,,False,False,97,111-120,74,92,151+,62.7,42.4,66.5,53.4,23.9
UC San Diego (Rady),/universities/university-california-san-diego-ucsd/rady-school-management-uc-san-diego,North America,United States,San Diego (CA),https://www.topuniversities.com/sites/default/files/profiles/logos/230608091728pm852214Logo-Rady-Square-48x48.jpg,43.2,138,,False,False,151+,56,101-110,101-110,101-110,28.1,58.4,57.3,50.6,39.8
UPF Barcelona School of Management,/universities/universitat-pompeu-fabra/upf-barcelona-school-management,Europe,Spain,Barcelona,https://www.topuniversities.com/sites/default/files/profiles/logos/upf-barcelona-school-of-management_592560cf2aeae70239af5913_small.jpg,43,139,,False,False,151+,27,121-130,151+,121-130,43.5,75,52.8,24.3,36.9
University of California (Riverside),/universities/university-california-riverside/university-california-riverside-gary-anderson-graduate-school-management,North America,United States,Los Angeles (CA),https://www.topuniversities.com/sites/default/files/profiles/logos/230828065323pm713813AGSM-Full-Logo-RGB-Vertical-48x48.jpg,42.5,140,,False,False,=76,141-150,95,151+,141-150,70.8,38.3,61.4,34.4,32.1
Concordia (John Molson),/universities/concordia-university/john-molson-school-business,North America,Canada,Montreal,https://www.topuniversities.com/sites/default/files/profiles/logos/210812053433pm136199Logo-200x200-48x48.jpg,41.3,141,,False,False,151+,121-130,121-130,101-110,111-120,39.9,41.3,53.8,51.3,38.2
EU Business School,/universities/eu-business-school,Europe,Germany,Barcelona,https://www.topuniversities.com/sites/default/files/profiles/logos/eu-business-school_592560cf2aeae70239af51f8_small.jpg,41.3,142,,False,False,4,151+,1,151+,121-130,99.2,22.7,99,28.4,37.3
Kent Business School,/universities/university-kent/kent-business-school,Europe,United Kingdom,Canterbury,https://www.topuniversities.com/sites/default/files/profiles/logos/kent-business-school_592560cf2aeae70239af55ad_small.jpg,42.1,143,,False,False,131-140,111-120,49,98,151+,50.4,42.4,72.6,51.7,26.4
La Trobe Business School,/universities/la-trobe-university/la-trobe-business-school,Oceania,Australia,Melbourne,https://www.topuniversities.com/sites/default/files/profiles/logos/15061_small.jpg,41.5,144,,False,False,111-120,131-140,21,131-140,151+,55.1,40.2,82,38.4,28.8
Loyola University of Chicago  (Quinlan),/universities/loyola-university-chicago,North America,United States,Chicago (IL),https://www.topuniversities.com/sites/default/files/profiles/logos/loyola-university-chicago_370_small.jpg,41.1,145,,False,False,111-120,151+,151+,111-120,101-110,56.8,29.5,42.4,48.2,40.3
Massey University,/universities/massey-university/massey-business-school,Oceania,New Zealand,Auckland,https://www.topuniversities.com/sites/default/files/profiles/logos/210902093602am342314massey-university-395-large-48x48.jpg,42.1,146,,False,False,100,111-120,18,151+,151+,61.1,44.5,83.8,30.7,28.2
Montpellier Business School,/universities/montpellier-business-school,Europe,France,Montpellier,https://www.topuniversities.com/sites/default/files/profiles/logos/montpellier-business-school_592560e99988f300e2322502_small.jpg,41.6,147,,False,False,=82,151+,3,151+,151+,68.7,34.5,96.1,24.5,28.6
Pittsburgh (Katz),/universities/university-pittsburgh/katz-graduate-school-business,North America,United States,Pittsburg (PA),https://www.topuniversities.com/sites/default/files/profiles/logos/230802061723pm198809katz-200-48x48.jpg,41.3,148,,False,False,151+,96,141-150,68,131-140,31.9,48.3,48.6,61.9,33.7
Saint Petersburg University (GSOM),/universities/saint-petersburg-state-university/graduate-school-management-st-petersburg-university,Europe,Russia,St. Petersburg,https://www.topuniversities.com/sites/default/files/profiles/logos/graduate-school-of-management-st.-petersburg-university_592560cf2aeae70239af57d8_small.jpg,41.6,149,,False,True,151+,111-120,90,=58,121-130,24.9,42.4,62.7,64.7,36.7
University of Economics (Prague),/universities/prague-university-economics-business/faculty-business-administration,Europe,Czech Republic,Prague,https://www.topuniversities.com/sites/default/files/profiles/logos/faculty-of-business-administration_59b4578dacb29513ca379ecc_small.jpg,41.3,150,,False,False,151+,=88,=45,141-150,=72,20.7,49.4,73.3,36.6,49.1
ALBA Graduate Business School,/universities/alba-graduate-business-school-american-college-greece,Europe,Greece,Athens,https://www.topuniversities.com/sites/default/files/profiles/logos/alba-graduate-business-school-at-the-american-college-of-greece_592560cf2aeae70239af4a92_small.jpg,36.1,151,,False,False,151+,151+,151+,141-150,=92,38.9,33.7,39.8,34.8,44.2
Alabama (Manderson),/universities/university-alabama-manderson,North America,United States,Tuscaloosa (AL),https://www.topuniversities.com/sites/default/files/profiles/logos/university-of-alabama-manderson_592560cf2aeae70239af56ba_small.jpg,37.7,152,,False,False,121-130,131-140,151+,101-110,151+,54,40.2,31.7,50.1,27
Bentley University,/universities/mccallum-graduate-school,North America,United States,Waltham (MA),https://www.topuniversities.com/sites/default/files/profiles/logos/bentley-college_592560cf2aeae70239af558a_small.jpg,36.4,153,,False,False,=82,151+,131-140,151+,151+,68.7,35.5,49.9,26.5,26.3
Bologna University Business School,/universities/alma-mater-studiorum-university-bologna/bologna-business-school-university-bologna,Europe,Italy,Bologna,https://www.topuniversities.com/sites/default/files/profiles/logos/logo-4-48x48.jpg,39.9,154,,False,False,151+,23,151+,151+,121-130,39.8,79.3,31.7,20,37.1
Brandeis International Business School,/universities/brandeis-university/brandeis-international-business-school,North America,United States,Waltham (MA),https://www.topuniversities.com/sites/default/files/profiles/logos/230907083211am529118IBS-Stack-48x48.jpg,39.3,155,,False,False,151+,151+,=93,81,151+,43.4,33.5,61.7,56.8,28.9
Católica Porto Business School,/universities/catolica-porto-business-school,Europe,Portugal,Porto,https://www.topuniversities.com/sites/default/files/230314105941pm202285Picture2-48x48.jpg,26.6,156,,False,False,141-150,151+,141-150,151+,151+,48.3,28.2,47.9,20,20
Claremont (Drucker),/universities/claremont-graduate-university/peter-f-drucker-masatoshi-ito-graduate-school-management,North America,United States,Claremont (CA),https://www.topuniversities.com/sites/default/files/profiles/logos/claremont-graduate-university-_592560cf2aeae70239af56cd_small.jpg,36.3,157,,False,False,111-120,151+,101-110,141-150,151+,56.4,33.2,58.3,34.9,27.1
Clark University,/universities/clark-university/clark-university-graduate-school-management,North America,United States,Worcester (MA),https://www.topuniversities.com/sites/default/files/profiles/logos/SOM-logo-200x200-jpg-1-48x48.jpg,33.5,158,,False,False,121-130,151+,101-110,121-130,151+,53.7,22.4,57.1,44,22
Deusto Business School ,/universities/university-deusto,Europe,Spain,Madrid,https://www.topuniversities.com/sites/default/files/profiles/logos/university-of-deusto_592560cf2aeae70239af57cd_small.jpg,32.6,159,,False,False,151+,151+,141-150,131-140,151+,42.8,30,49.7,39.3,27
Drexel (LeBow),/universities/drexel-university/lebow-college-business,North America,United States,Philadelphia (PA),https://www.topuniversities.com/sites/default/files/profiles/logos/drexel-universitys-lebow-college-of-business_592560cf2aeae70239af56d9_small.jpg,39.1,160,,False,False,141-150,141-150,151+,69,151+,47.9,35.9,43.3,61,27.1
Edinburgh Napier University (The Business School),/universities/edinburgh-napier-university,Europe,United Kingdom,Edinburgh,https://www.topuniversities.com/sites/default/files/profiles/logos/ENU-logo-Stacked-200x200px-48x48.jpg,30.6,161,,False,False,121-130,151+,83,151+,151+,54.6,31.7,64.4,20,20
GBSB Global Business School,/universities/gbsb-global-business-school,Europe,Spain,"Barcelona, Madrid",https://www.topuniversities.com/sites/default/files/profiles/logos/gbsb-global-business-school_5c58186110ca601f0c143d92_small.jpg,32.9,162,,False,False,=62,151+,67,151+,151+,74,21.3,67.5,20,20.1
GROUPE ISCAE,/universities/institut-superieur-de-commerce-et-dadministration-des-entreprises-iscae,Africa,Morocco,"Casablanca, Rabat",https://www.topuniversities.com/sites/default/files/profiles/logos/Webp.net-resizeimage-2021-06-15T130828.747-48x48.jpg,34.8,163,,False,False,151+,151+,151+,151+,71,43.6,32.5,22.1,25.5,49.8
Goethe Business School,/universities/goethe-business-school-goethe-universitat-frankfurt-am-main,Europe,Germany,Frankfurt,https://www.topuniversities.com/sites/default/files/profiles/logos/goethe-business-school_592560cf2aeae70239af52df_small.jpg,34,164,,False,False,80,151+,141-150,151+,151+,70.2,26.3,48.2,20,28.8
Griffith University,/universities/griffith-university/griffith-business-school,Oceania,Australia,Brisbane,https://www.topuniversities.com/sites/default/files/profiles/logos/social-sciences-management_592560cf2aeae70239af58b8_small.jpg,33,165,,False,False,151+,151+,85,121-130,151+,31.4,35.3,63.8,41.8,26.2
Hofstra (Zarb),/universities/hofstra-university/frank-g-zarb-school-business,North America,United States,Hempstead (NY),https://www.topuniversities.com/sites/default/files/profiles/logos/hofstra-university-_592560cf2aeae70239af56e5_small.jpg,36.4,166,,False,False,74,151+,111-120,141-150,151+,71.1,22.7,54.1,35.2,25.9
Hong Kong Baptist University,/universities/hong-kong-baptist-university/hong-kong-baptist-university-school-business,Asia,Hong Kong SAR,Hong Kong,https://www.topuniversities.com/sites/default/files/profiles/logos/230210061320am804503pc003c-48x48.jpg,28.3,167,,False,False,151+,141-150,60,151+,151+,29,36.1,69.9,25.8,21.5
IIT Stuart School of Business,/universities/illinois-institute-technology/stuart-school-business,North America,United States,Chicago (IL),https://www.topuniversities.com/sites/default/files/profiles/logos/illinois-institute-of-technology-_592560cf2aeae70239af56c8_small.jpg,34.6,168,,False,False,131-140,151+,151+,141-150,141-150,50.8,30.7,45.2,34.8,31.6
ISCTE BUSINESS SCHOOL,/universities/iscte-iul/iscte-business-school,Europe,Portugal,Lisbon,https://www.topuniversities.com/sites/default/files/profiles/logos/Webp.net-resizeimage-2021-06-15T114854.999-48x48.jpg,35.1,169,,False,False,151+,=77,101-110,151+,141-150,35.3,52.1,58.6,25.5,31.2
"Institute Of Management Technology, Ghaziabad",/universities/institute-management-technology-ghaziabad,Asia,India,Ghaziabad,https://www.topuniversities.com/sites/default/files/231025024338pm507719IMTG-logo-Final-90x90_0.jpg,22.3,170,,False,False,151+,151+,151+,151+,151+,30.3,32.7,36.5,20,20
International Management Institute - Delhi,/universities/international-management-institute-delhi,Asia,India,Delhi,https://www.topuniversities.com/sites/default/files/profiles/logos/230927014214pm244303download-48x48.jpg,24.2,171,,False,False,151+,151+,151+,151+,151+,35,34.3,39.8,20,20.3
Jagdish Sheth School of Management (JAGSoM),/universities/jagdish-sheth-school-management-jagsom,Asia,India,Bengaluru,https://www.topuniversities.com/sites/default/files/profiles/logos/JAGSOM-Logo200x200-48x48.jpg,20,172,,False,False,151+,151+,141-150,151+,151+,20.4,24.6,48.6,20,20.7
Kentucky (Gatton),/universities/university-kentucky,North America,United States,Lexington (KY),https://www.topuniversities.com/sites/default/files/profiles/logos/university-of-kentucky_316_small.jpg,37.2,173,,False,False,101-110,141-150,151+,111-120,151+,57.5,36.9,35.1,48.1,25.7
Kozminski International Business School,/universities/kozminski-university,Europe,Poland,Warsaw,https://www.topuniversities.com/sites/default/files/profiles/logos/kozminski-university_592560cf2aeae70239af581e_small.jpg,34.9,174,,False,False,151+,111-120,62,151+,131-140,34,42.7,69.1,23,35.9
Liverpool Management School,/universities/university-liverpool/university-liverpool-management-school,Europe,United Kingdom,Liverpool,https://www.topuniversities.com/sites/default/files/profiles/logos/university-of-liverpool-management-school_592560cf2aeae70239af586a_small.jpg,38.1,175,,False,False,151+,98,=57,121-130,131-140,24.1,47.6,70.3,44.4,34.1
MIB Trieste School of Management,/universities/mib-trieste-school-management,Europe,Italy,Trieste,https://www.topuniversities.com/sites/default/files/profiles/logos/logo-trieste-48x48.jpg,30.3,176,,False,False,121-130,151+,141-150,151+,151+,54.2,21.8,48.8,25.9,27.1
Manchester Metropolitan University,/universities/manchester-metropolitan-university/manchester-metropolitan-university-business-school,Europe,United Kingdom,Manchester,https://www.topuniversities.com/sites/default/files/profiles/logos/manchester-metropolitan-university-business-school_592560cf2aeae70239af56ed_small.jpg,32.2,177,,False,False,151+,151+,=57,141-150,151+,35.5,31.4,70.3,35.3,25.7
Mediterranean School of Business,/universities/mediterranean-school-business-msb,Africa,Tunisia,Tunis,https://www.topuniversities.com/sites/default/files/profiles/logos/Webp.net-resizeimage-2021-06-15T131607.289-2-48x48.jpg,38.5,178,,False,False,151+,151+,=93,151+,51,43.7,21.1,61.7,21.3,58.4
Pacifico Business School,/universities/universidad-del-pacifico/pacifico-business-school,Latin America,Peru,Lima,https://www.topuniversities.com/sites/default/files/pacifico-business-school_5c86158b10ca605c2865f8a9_small.jpg,34.6,179,,False,False,141-150,131-140,151+,151+,121-130,48.4,40.2,38.1,23.5,37.1
RIT (Saunders),/universities/rochester-institute-technology-rit/saunders-college-business-rochester-institute-technology,North America,United States,Rochester (NY),https://www.topuniversities.com/sites/default/files/profiles/logos/rochester-institute-of-technology-rit-saunders-college-of-business_28292_small.jpg,35.1,180,,False,False,131-140,151+,151+,121-130,151+,51,34.3,46.1,44.9,24
Rabat Business School,/universities/universit-internationale-de-rabat/rabat-business-school,Africa,Morocco,Rabat,https://www.topuniversities.com/sites/default/files/profiles/logos/221209043122pm221692LOGO-RBS--48x48.jpg,27.4,181,,False,False,151+,151+,121-130,151+,151+,41.9,27.4,53.2,27.4,20.5
Rennes School of Business,/universities/rennes-school-business,Europe,France,Rennes,https://www.topuniversities.com/sites/default/files/profiles/logos/230109035739pm488405Logo-Rennes-SB-200-48x48.jpg,40,182,,False,False,93,131-140,12,151+,151+,65.1,39,87.4,24.4,25.9
Saint Mary's (Sobey),/universities/saint-marys-university/sobey-school-business-saint-marys-university,North America,Canada,Halifax (NS),https://www.topuniversities.com/sites/default/files/profiles/logos/220307024829pm983444Sobey-Stacked80-48x48.jpg,31.6,183,,False,False,141-150,151+,70,151+,151+,47.4,26.2,67.1,32,22.6
San Francisco (Masagung),/universities/university-san-francisco/masagung-graduate-school-management,North America,United States,San Francisco (CA),https://www.topuniversities.com/sites/default/files/profiles/logos/masagung-graduate-school-of-management_592560cf2aeae70239af5738_small.jpg,38.2,184,,False,False,141-150,151+,131-140,=61,151+,45.3,24.5,52.3,63.8,29
Simon Fraser (Beedie),/universities/simon-fraser-university/beedie-school-business,North America,Canada,Vancouver,https://www.topuniversities.com/sites/default/files/profiles/logos/simon-fraser-university_592560cf2aeae70239af56fa_small.jpg,38.6,185,,False,False,151+,86,43,121-130,151+,31.1,50.2,74.3,44.9,27.8
Suffolk (Sawyer),/universities/suffolk-university/sawyer-business-school-usa,North America,United States,Boston (MA),https://www.topuniversities.com/sites/default/files/profiles/logos/sawyer-business-school-usa_19531_small.jpg,38.6,186,,False,False,71,151+,72,121-130,151+,72.2,26.8,66.7,41.2,21
T A PAI Management Institute,/universities/ta-pai-management-institute-tapmi,Asia,India,Manipal,https://www.topuniversities.com/sites/default/files/profiles/logos/t.a.-pai-management-institute-tapmi_5d4d781d5c52f35321193b58_small.jpg,20.8,187,,False,False,151+,151+,151+,151+,151+,23.3,26.2,36.9,25,20.8
Tampa (Sykes),/universities/university-tampa/university-tampa,North America,United States,Tampa (FL),https://www.topuniversities.com/sites/default/files/profiles/logos/university-of-tampa_592560cf2aeae70239af5740_small.jpg,38.5,188,,False,False,66,151+,101-110,141-150,151+,73.4,29.3,57.1,36.7,24.4
Tikrit University,/universities/tikrit-university,Asia,Iraq,Tikrit,https://www.topuniversities.com/sites/default/files/profiles/logos/tikrit-university_592560e09988f300e2320aee_small.jpg,20.2,189,,False,False,151+,151+,151+,151+,151+,34.2,25.5,23.2,20,20
Tilburg University,/universities/tilburg-university,Europe,Netherlands,Tilburg,https://www.topuniversities.com/sites/default/files/profiles/logos/tilburg-university_592560cf2aeae70239af4ce5_small.jpg,40.3,190,,False,False,99,=93,111-120,151+,151+,61.9,48.6,56.4,33.5,26.9
Tulsa (Collins),/universities/university-tulsa-college-business-administration,North America,United States,Tulsa (OK),https://www.topuniversities.com/sites/default/files/profiles/logos/the-university-of-tulsa_592560cf2aeae70239af5a80_small.jpg,27.9,191,,False,False,131-140,151+,151+,141-150,151+,49.6,25.4,27.1,36.3,21
UMass Boston,/universities/university-massachusetts-boston/college-management,North America,United States,Boston (MA),https://www.topuniversities.com/sites/default/files/profiles/logos/boston-college-of-management_592560cf2aeae70239af58dd_small.jpg,37.7,192,,False,False,75,151+,141-150,151+,141-150,71,33.5,48.4,23.6,32.2
United International Business School,/universities/united-international-business-school-uibs,Europe,Switzerland,Zürich,https://www.topuniversities.com/sites/default/files/231011013942pm244023resized-logos-90x90_3.jpg,27.1,193,,False,False,151+,151+,23,151+,151+,40.5,20.7,81.5,20,20.2
"Business School, Universidad EAFIT",/universities/universidad-eafit/business-school-universidad-eafit,Latin America,Colombia,"Medellin, Bogota, Pereira",https://www.topuniversities.com/sites/default/files/business-school-universidad-eafit.jpg,38,194,,False,False,111-120,151+,151+,131-140,121-130,56.4,34.7,34.1,39.8,36
ESAN Graduate School of Business - ESAN University,/universities/esan-graduate-school-business-esan-university,Latin America,Peru,Lima,https://www.topuniversities.com/sites/default/files/esan-graduate-school-of-business_592560cf2aeae70239af5848_small.jpg,34.9,195,,False,False,101-110,151+,151+,151+,101-110,59.5,29,40.7,20,39.4
Universidad ORT Uruguay,/universities/universidad-ort-uruguay,Latin America,Uruguay,Montevideo,https://www.topuniversities.com/sites/default/files/universidad-ort-uruguay_470_small.jpg,40.9,196,,False,False,=51,151+,151+,151+,101-110,78.5,34.7,42.7,20,40.2
University of Iowa,/universities/university-iowa/tippie-school-management-university-iowa,North America,United States,Iowa City (IA),https://www.topuniversities.com/sites/default/files/profiles/logos/tippie-school-of-management-university-of-iowa_15145_small.jpg,38.4,197,,False,False,85,131-140,151+,151+,141-150,67.7,40.2,45.2,27.6,30.7
University of Massachusetts (Dartmouth),/universities/university-massachusetts-dartmouth,North America,United States,Cambridge (MA),https://www.topuniversities.com/sites/default/files/profiles/logos/Webp.net-resizeimage-2021-04-22T142334.914-1-48x48.jpg,26.6,198,,False,False,111-120,151+,151+,151+,151+,55.8,25.4,39.1,20,20
University of Minho,/universities/university-minho/school-economics-management-university-minho,Europe,Portugal,Braga,https://www.topuniversities.com/sites/default/files/profiles/logos/220922092717am393942School-of-Economics-and-Management-University-of-Minho-Logo--1--48x48.jpg,29.7,199,,False,False,151+,121-130,121-130,151+,151+,38.4,42.1,53.7,20,24.9
University of South Florida,/universities/university-south-florida/university-south-florida-muma-college-business,North America,United States,Tampa (FL),https://www.topuniversities.com/sites/default/files/profiles/logos/university-of-south-florida-muma-college-of-business_592560e79988f300e2322049_small.jpg,37.3,200,,False,False,111-120,121-130,111-120,141-150,151+,56,41.5,55.5,34.9,26
Vilnius University,/universities/vilnius-university/vilnius-university,Europe,Lithuania,Vilnius,https://www.topuniversities.com/sites/default/files/profiles/logos/faculty-of-economics-and-business-administration_5b4d9e6b9ed41968750865b9_small.jpg,39.5,201,,False,False,151+,87,151+,151+,68,32.9,49.6,44.1,28.7,50.5
West Caspian Univeristy,/universities/western-caspian-university,Asia,Azerbaijan,Baku,https://www.topuniversities.com/sites/default/files/western-caspian-university_593003bdacb295001911c967_medium_0.jpg,29.4,202,,False,False,86,151+,151+,151+,151+,67.5,26.5,37.8,20,20
West Texas A&M University,/universities/west-texas-am-university/paul-virginia-engler-college-business,North America,United States,Canyon (TX),https://www.topuniversities.com/sites/default/files/profiles/logos/210908123505pm682120Webp.net-resizeimage-2021-09-08T153459.564-48x48.jpg,36.1,203,,False,False,=35,151+,=78,151+,151+,83.7,26.8,65.7,20,20
Woxsen School of Business,/universities/woxsen-university,Asia,India,Hyderabad,https://www.topuniversities.com/sites/default/files/profiles/logos/230929014359pm716742download-48x48.jpg,24,204,,False,False,151+,151+,151+,151+,151+,37.7,27.3,46.8,20,20
